{
  "Restaurant Search API" : {
    "transaction" : "Restaurant Search API",
    "sampleCount" : 3000,
    "errorCount" : 0,
    "errorPct" : 0.0,
    "meanResTime" : 141.20533333333293,
    "medianResTime" : 140.0,
    "minResTime" : 90.0,
    "maxResTime" : 1616.0,
    "pct1ResTime" : 162.0,
    "pct2ResTime" : 189.94999999999982,
    "pct3ResTime" : 487.9499999999989,
    "throughput" : 12.158596735822064,
    "receivedKBytesPerSec" : 101.76571321315235,
    "sentKBytesPerSec" : 2.377100650890212
  },
  "Review Submission API (Kafka)" : {
    "transaction" : "Review Submission API (Kafka)",
    "sampleCount" : 3000,
    "errorCount" : 0,
    "errorPct" : 0.0,
    "meanResTime" : 111.30799999999995,
    "medianResTime" : 104.0,
    "minResTime" : 92.0,
    "maxResTime" : 779.0,
    "pct1ResTime" : 119.90000000000009,
    "pct2ResTime" : 129.0,
    "pct3ResTime" : 390.9399999999987,
    "throughput" : 12.159089527376189,
    "receivedKBytesPerSec" : 5.699573215957589,
    "sentKBytesPerSec" : 6.162663539754143
  },
  "Total" : {
    "transaction" : "Total",
    "sampleCount" : 9000,
    "errorCount" : 0,
    "errorPct" : 0.0,
    "meanResTime" : 5030.171111111097,
    "medianResTime" : 141.0,
    "minResTime" : 90.0,
    "maxResTime" : 34630.0,
    "pct1ResTime" : 19256.30000000001,
    "pct2ResTime" : 24472.149999999936,
    "pct3ResTime" : 33020.619999999995,
    "throughput" : 36.36246101136125,
    "receivedKBytesPerSec" : 111.43973755393765,
    "sentKBytesPerSec" : 12.004820298737819
  },
  "Login API" : {
    "transaction" : "Login API",
    "sampleCount" : 3000,
    "errorCount" : 0,
    "errorPct" : 0.0,
    "meanResTime" : 14838.000000000022,
    "medianResTime" : 13747.5,
    "minResTime" : 460.0,
    "maxResTime" : 34630.0,
    "pct1ResTime" : 26195.10000000001,
    "pct2ResTime" : 30977.75,
    "pct3ResTime" : 33660.799999999996,
    "throughput" : 12.135431414586789,
    "receivedKBytesPerSec" : 4.313766635653898,
    "sentKBytesPerSec" : 3.496047136038186
  }
}